Признак,p-value (демографическое),Cramér's V,p-value (предсказательное)
Отрасль,0.11993900581831693,0.5023894154105492,0.5697087466575106
Размер,0.1375110335776383,0.37144735558775754,0.32814958777057995
Регион,0.25516782049056413,0.3185497181014203,0.06578905268507104
